article,views,language,platform,datetime
Alí_Jamenei,466,es,mobile,2026-03-04 01:00:00
XXX,776,es,mobile,2026-03-04 01:00:00
Caracol_Internacional,492,es,mobile,2026-03-04 01:00:00
Carlos_Lozano,485,es,mobile,2026-03-04 01:00:00
Sonsoles_Ónega,597,es,mobile,2026-03-04 01:00:00
Radio_AM_750,2259,es,mobile,2026-03-04 01:00:00
Pornografía_en_Internet,457,es,mobile,2026-03-04 01:00:00
Clásico_Mundial_de_Béisbol_2026,512,es,mobile,2026-03-04 01:00:00
Copa_Sudamericana_2026,545,es,mobile,2026-03-04 01:00:00
Cristina_Ónega,561,es,mobile,2026-03-04 01:00:00
Nemesio_Oseguera_Cervantes,580,es,mobile,2026-03-04 01:00:00
NSFW,695,es,mobile,2026-03-04 01:00:00
Donald_Trump,497,es,mobile,2026-03-04 01:00:00
Mojtaba_Jameneí,457,es,mobile,2026-03-04 01:00:00
Martín_Anselmi,463,es,mobile,2026-03-04 01:00:00
John_F._Kennedy_Jr.,513,es,mobile,2026-03-04 01:00:00
Jeffrey_Epstein,719,es,mobile,2026-03-04 01:00:00
Jeanette,610,es,mobile,2026-03-04 01:00:00
Irán,1379,es,mobile,2026-03-04 01:00:00
Gran_Hermano_Dúo,457,es,mobile,2026-03-04 01:00:00
Fernando_Ónega,2059,es,mobile,2026-03-04 01:00:00
Final_de_la_Copa_del_Rey_de_fútbol_2025-26,462,es,mobile,2026-03-04 01:00:00
Estrecho_de_Ormuz,610,es,mobile,2026-03-04 01:00:00
Elecciones_presidenciales_de_Colombia_de_2026,545,es,mobile,2026-03-04 01:00:00
Eduardo_Coudet,607,es,mobile,2026-03-04 01:00:00
Eclipse_lunar_de_marzo_de_2026,698,es,mobile,2026-03-04 01:00:00
Día_Internacional_de_la_Mujer,579,es,mobile,2026-03-04 01:00:00
Alí_Jameneí,1298,es,mobile,2026-03-04 01:00:00
Brian_Sarmiento,518,es,mobile,2026-03-04 01:00:00
Radio_AM_750,2161,es,mobile,2026-03-04 02:00:00
Alí_Jamenei,527,es,mobile,2026-03-04 02:00:00
Alí_Jameneí,1323,es,mobile,2026-03-04 02:00:00
Carolyn_Bessette-Kennedy,494,es,mobile,2026-03-04 02:00:00
Clásico_Mundial_de_Béisbol,535,es,mobile,2026-03-04 02:00:00
Clásico_Mundial_de_Béisbol_2026,594,es,mobile,2026-03-04 02:00:00
Copa_Sudamericana_2026,489,es,mobile,2026-03-04 02:00:00
Día_Internacional_de_la_Mujer,538,es,mobile,2026-03-04 02:00:00
Eclipse_lunar_de_marzo_de_2026,880,es,mobile,2026-03-04 02:00:00
Eduardo_Coudet,512,es,mobile,2026-03-04 02:00:00
Estrecho_de_Ormuz,663,es,mobile,2026-03-04 02:00:00
Fernando_Ónega,987,es,mobile,2026-03-04 02:00:00
Gian_Marco,537,es,mobile,2026-03-04 02:00:00
Héctor_Daniel_Villalba,565,es,mobile,2026-03-04 02:00:00
Irán,1266,es,mobile,2026-03-04 02:00:00
Jeffrey_Epstein,836,es,mobile,2026-03-04 02:00:00
John_F._Kennedy_Jr.,667,es,mobile,2026-03-04 02:00:00
Juan_Caruso,500,es,mobile,2026-03-04 02:00:00
Kike_Santander,779,es,mobile,2026-03-04 02:00:00
Martín_Anselmi,502,es,mobile,2026-03-04 02:00:00
Mojtaba_Jameneí,1013,es,mobile,2026-03-04 02:00:00
Nemesio_Oseguera_Cervantes,555,es,mobile,2026-03-04 02:00:00
Pornografía_en_Internet,500,es,mobile,2026-03-04 02:00:00
XXX,916,es,mobile,2026-03-04 02:00:00
Yanina_Zilli,652,es,mobile,2026-03-04 02:00:00
Yanina_Zilli,719,es,mobile,2026-03-04 03:00:00
Día_Internacional_de_la_Mujer,457,es,mobile,2026-03-04 03:00:00
Lucca_Vuoso,543,es,mobile,2026-03-04 03:00:00
Lux_Pascal,2247,es,mobile,2026-03-04 03:00:00
Marcela_Pagano,1026,es,mobile,2026-03-04 03:00:00
Marciano_Cantero,692,es,mobile,2026-03-04 03:00:00
Copa_Sudamericana_2026,599,es,mobile,2026-03-04 03:00:00
Alí_Jamenei,485,es,mobile,2026-03-04 03:00:00
Clásico_Mundial_de_Béisbol_2026,482,es,mobile,2026-03-04 03:00:00
Matías_Vuoso,675,es,mobile,2026-03-04 03:00:00
Mojtaba_Jameneí,1002,es,mobile,2026-03-04 03:00:00
Alí_Jameneí,1200,es,mobile,2026-03-04 03:00:00
Nemesio_Oseguera_Cervantes,609,es,mobile,2026-03-04 03:00:00
Pornografía,887,es,mobile,2026-03-04 03:00:00
Carolyn_Bessette-Kennedy,507,es,mobile,2026-03-04 03:00:00
Eclipse_lunar_de_marzo_de_2026,801,es,mobile,2026-03-04 03:00:00
Estrecho_de_Ormuz,489,es,mobile,2026-03-04 03:00:00
Fernando_Ónega,599,es,mobile,2026-03-04 03:00:00
Pornografía_en_Internet,653,es,mobile,2026-03-04 03:00:00
Irán,1117,es,mobile,2026-03-04 03:00:00
Jeffrey_Epstein,761,es,mobile,2026-03-04 03:00:00
Radio_AM_750,1634,es,mobile,2026-03-04 03:00:00
John_F._Kennedy_Jr.,634,es,mobile,2026-03-04 03:00:00
Juan_Caruso,512,es,mobile,2026-03-04 03:00:00
XXX,1015,es,mobile,2026-03-04 03:00:00
Arirang_(álbum),651,es,mobile,2026-03-04 03:00:00
Caracol_Internacional,477,es,mobile,2026-03-04 03:00:00
Kike_Santander,472,es,mobile,2026-03-04 03:00:00
Alí_Jameneí,1064,es,mobile,2026-03-04 04:00:00
XXX,1119,es,mobile,2026-03-04 04:00:00
Radio_AM_750,1262,es,mobile,2026-03-04 04:00:00
Pornografía_en_Internet,751,es,mobile,2026-03-04 04:00:00
Pornografía,620,es,mobile,2026-03-04 04:00:00
Nemesio_Oseguera_Cervantes,594,es,mobile,2026-03-04 04:00:00
NSFW,612,es,mobile,2026-03-04 04:00:00
Mojtaba_Jameneí,933,es,mobile,2026-03-04 04:00:00
Jorge_Díaz_Price,690,es,mobile,2026-03-04 04:00:00
John_F._Kennedy_Jr.,491,es,mobile,2026-03-04 04:00:00
Jeffrey_Epstein,727,es,mobile,2026-03-04 04:00:00
Irán,1059,es,mobile,2026-03-04 04:00:00
Fernando_Ónega,543,es,mobile,2026-03-04 04:00:00
Felipe_Izquierdo,649,es,mobile,2026-03-04 04:00:00
Eclipse_lunar_de_marzo_de_2026,564,es,mobile,2026-03-04 04:00:00
Cristiano_Rattazzi,879,es,mobile,2026-03-04 04:00:00
Copa_Sudamericana_2026,461,es,mobile,2026-03-04 04:00:00
Arirang_(álbum),654,es,mobile,2026-03-04 04:00:00
Alí_Jamenei,476,es,mobile,2026-03-04 04:00:00
Fernando_Ónega,817,es,mobile,2026-03-04 05:00:00
XXX,966,es,mobile,2026-03-04 05:00:00
Radio_AM_750,1061,es,mobile,2026-03-04 05:00:00
Pornografía_en_Internet,688,es,mobile,2026-03-04 05:00:00
Pornografía,509,es,mobile,2026-03-04 05:00:00
Pornhub,789,es,mobile,2026-03-04 05:00:00
Irán,747,es,mobile,2026-03-04 05:00:00
Arirang_(álbum),583,es,mobile,2026-03-04 05:00:00
Copa_Sudamericana_2026,481,es,mobile,2026-03-04 05:00:00
Jeffrey_Epstein,616,es,mobile,2026-03-04 05:00:00
Eclipse_lunar_de_marzo_de_2026,454,es,mobile,2026-03-04 05:00:00
.xxx,522,es,mobile,2026-03-04 05:00:00
Alí_Jameneí,825,es,mobile,2026-03-04 05:00:00
Mojtaba_Jameneí,743,es,mobile,2026-03-04 05:00:00
Nemesio_Oseguera_Cervantes,574,es,mobile,2026-03-04 05:00:00
XXX,830,es,mobile,2026-03-04 06:00:00
Alí_Jameneí,684,es,mobile,2026-03-04 06:00:00
Arirang_(álbum),531,es,mobile,2026-03-04 06:00:00
Cristina_Ónega,832,es,mobile,2026-03-04 06:00:00
Fernando_Ónega,2147,es,mobile,2026-03-04 06:00:00
Irán,686,es,mobile,2026-03-04 06:00:00
Pornografía_en_Internet,523,es,mobile,2026-03-04 06:00:00
Radio_AM_750,780,es,mobile,2026-03-04 06:00:00
Sonsoles_Ónega,687,es,mobile,2026-03-04 06:00:00
XXX,669,es,mobile,2026-03-04 07:00:00
Sonsoles_Ónega,1298,es,mobile,2026-03-04 07:00:00
Alí_Jameneí,511,es,mobile,2026-03-04 07:00:00
Radio_AM_750,518,es,mobile,2026-03-04 07:00:00
Fernando_Ónega,4235,es,mobile,2026-03-04 07:00:00
Irán,622,es,mobile,2026-03-04 07:00:00
Cristina_Ónega,1380,es,mobile,2026-03-04 07:00:00
Cristina_Ónega,1770,es,mobile,2026-03-04 08:00:00
Fernando_Ónega,874,es,desktop,2026-03-04 08:00:00
Sonsoles_Ónega,1747,es,mobile,2026-03-04 08:00:00
Radio_AM_750,677,es,mobile,2026-03-04 08:00:00
Irán,581,es,mobile,2026-03-04 08:00:00
Fernando_Ónega,6537,es,mobile,2026-03-04 08:00:00
Cristina_Ónega,1107,es,mobile,2026-03-04 09:00:00
Fernando_Ónega,975,es,desktop,2026-03-04 09:00:00
Fernando_Ónega,4543,es,mobile,2026-03-04 09:00:00
Irán,461,es,mobile,2026-03-04 09:00:00
Radio_AM_750,1134,es,mobile,2026-03-04 09:00:00
Sonsoles_Ónega,1086,es,mobile,2026-03-04 09:00:00
Irán,532,es,mobile,2026-03-04 10:00:00
Martín_Varsavsky,710,es,mobile,2026-03-04 10:00:00
Radio_AM_750,2426,es,mobile,2026-03-04 10:00:00
Fernando_Ónega,923,es,desktop,2026-03-04 10:00:00
Sonsoles_Ónega,962,es,mobile,2026-03-04 10:00:00
Fernando_Ónega,3997,es,mobile,2026-03-04 10:00:00
Cristina_Ónega,970,es,mobile,2026-03-04 10:00:00
Fernando_Ónega,987,es,desktop,2026-03-04 11:00:00
Irán,554,es,mobile,2026-03-04 11:00:00
Cristina_Ónega,990,es,mobile,2026-03-04 11:00:00
Radio_AM_750,3491,es,mobile,2026-03-04 11:00:00
David_Delfín,485,es,mobile,2026-03-04 11:00:00
Fernando_Ónega,4311,es,mobile,2026-03-04 11:00:00
Alí_Jameneí,462,es,mobile,2026-03-04 11:00:00
Sonsoles_Ónega,1147,es,mobile,2026-03-04 11:00:00
Irán,666,es,mobile,2026-03-04 12:00:00
Fernando_Ónega,1134,es,desktop,2026-03-04 12:00:00
Radio_AM_750,4599,es,mobile,2026-03-04 12:00:00
Sonsoles_Ónega,1445,es,mobile,2026-03-04 12:00:00
Fernando_Ónega,5210,es,mobile,2026-03-04 12:00:00
Eduardo_Coudet,608,es,mobile,2026-03-04 12:00:00
Cristina_Ónega,1323,es,mobile,2026-03-04 12:00:00
Alí_Jameneí,555,es,mobile,2026-03-04 12:00:00
Fernando_Ónega,6429,es,mobile,2026-03-04 13:00:00
Jeffrey_Epstein,512,es,mobile,2026-03-04 13:00:00
Radio_AM_750,4193,es,mobile,2026-03-04 13:00:00
Sonsoles_Ónega,1591,es,mobile,2026-03-04 13:00:00
Alí_Jameneí,687,es,mobile,2026-03-04 13:00:00
Fernando_Ónega,1072,es,desktop,2026-03-04 13:00:00
Cristina_Ónega,1464,es,mobile,2026-03-04 13:00:00
Donald_Trump,498,es,mobile,2026-03-04 13:00:00
Eduardo_Coudet,596,es,mobile,2026-03-04 13:00:00
Estrecho_de_Ormuz,452,es,mobile,2026-03-04 13:00:00
Irán,909,es,mobile,2026-03-04 13:00:00
Alí_Jameneí,778,es,mobile,2026-03-04 14:00:00
Jeffrey_Epstein,628,es,mobile,2026-03-04 14:00:00
Fernando_Ónega,7105,es,mobile,2026-03-04 14:00:00
Estrecho_de_Ormuz,508,es,mobile,2026-03-04 14:00:00
Eduardo_Coudet,1043,es,mobile,2026-03-04 14:00:00
Día_Internacional_de_la_Mujer,477,es,mobile,2026-03-04 14:00:00
Donald_Trump,660,es,mobile,2026-03-04 14:00:00
Cristina_Ónega,1670,es,mobile,2026-03-04 14:00:00
Arirang_(álbum),511,es,mobile,2026-03-04 14:00:00
Ana_Luisa_Peluffo,998,es,mobile,2026-03-04 14:00:00
Juan_Bautista_Mahiques,1170,es,mobile,2026-03-04 14:00:00
Juan_Bautista_Mahiques,606,es,desktop,2026-03-04 14:00:00
Fernando_Ónega,805,es,desktop,2026-03-04 14:00:00
Irán,995,es,mobile,2026-03-04 14:00:00
Sonsoles_Ónega,1946,es,mobile,2026-03-04 14:00:00
Radio_AM_750,3856,es,mobile,2026-03-04 14:00:00
Alí_Jameneí,880,es,mobile,2026-03-04 15:00:00
Fernando_Ónega,885,es,desktop,2026-03-04 15:00:00
Juan_Bautista_Mahiques,793,es,desktop,2026-03-04 15:00:00
Sonsoles_Ónega,3765,es,mobile,2026-03-04 15:00:00
Ayatolá,493,es,mobile,2026-03-04 15:00:00
Carlos_Cuerpo,628,es,mobile,2026-03-04 15:00:00
Copa_del_Rey,451,es,mobile,2026-03-04 15:00:00
Cristina_Ónega,3137,es,mobile,2026-03-04 15:00:00
Donald_Trump,760,es,mobile,2026-03-04 15:00:00
Día_Internacional_de_la_Mujer,530,es,mobile,2026-03-04 15:00:00
Eduardo_Coudet,2567,es,mobile,2026-03-04 15:00:00
Estrecho_de_Ormuz,491,es,mobile,2026-03-04 15:00:00
Fernando_Ónega,12965,es,mobile,2026-03-04 15:00:00
Irán,977,es,mobile,2026-03-04 15:00:00
Jeffrey_Epstein,628,es,mobile,2026-03-04 15:00:00
Juan_Bautista_Mahiques,1473,es,mobile,2026-03-04 15:00:00
Arirang_(álbum),540,es,mobile,2026-03-04 15:00:00
Ana_Luisa_Peluffo,2764,es,mobile,2026-03-04 15:00:00
Radio_AM_750,3103,es,mobile,2026-03-04 15:00:00
Quique_Sánchez_Flores,737,es,mobile,2026-03-04 15:00:00
Eduardo_Coudet,916,es,desktop,2026-03-04 15:00:00
Fernando_Ónega,768,es,desktop,2026-03-04 16:00:00
Alí_Jameneí,782,es,mobile,2026-03-04 16:00:00
Ana_Luisa_Peluffo,2398,es,mobile,2026-03-04 16:00:00
Arirang_(álbum),522,es,mobile,2026-03-04 16:00:00
Cannolo,558,es,mobile,2026-03-04 16:00:00
Eduardo_Coudet,1200,es,desktop,2026-03-04 16:00:00
Eduardo_Coudet,3598,es,mobile,2026-03-04 16:00:00
Zendaya,561,es,mobile,2026-03-04 16:00:00
Radio_AM_750,2587,es,mobile,2026-03-04 16:00:00
Sonsoles_Ónega,2407,es,mobile,2026-03-04 16:00:00
Juan_Bautista_Mahiques,934,es,mobile,2026-03-04 16:00:00
Jeffrey_Epstein,700,es,mobile,2026-03-04 16:00:00
Irán,996,es,mobile,2026-03-04 16:00:00
Fernando_Ónega,7596,es,mobile,2026-03-04 16:00:00
Estrecho_de_Ormuz,512,es,mobile,2026-03-04 16:00:00
Donald_Trump,521,es,mobile,2026-03-04 16:00:00
Cristina_Ónega,1948,es,mobile,2026-03-04 16:00:00
Gustavo_de_Arístegui,1832,es,mobile,2026-03-04 17:00:00
Donald_Trump,540,es,mobile,2026-03-04 17:00:00
Cristina_Ónega,4095,es,mobile,2026-03-04 17:00:00
Copa_del_Rey_de_fútbol_1986-87,675,es,mobile,2026-03-04 17:00:00
Ayatolá,491,es,mobile,2026-03-04 17:00:00
Arirang_(álbum),636,es,mobile,2026-03-04 17:00:00
Ana_Luisa_Peluffo,2038,es,mobile,2026-03-04 17:00:00
Alí_Jameneí,814,es,mobile,2026-03-04 17:00:00
SHA-2,593,es,desktop,2026-03-04 17:00:00
Irán,484,es,desktop,2026-03-04 17:00:00
Fernando_Ónega,1136,es,desktop,2026-03-04 17:00:00
Eduardo_Coudet,847,es,desktop,2026-03-04 17:00:00
Ernesto_Sáenz_de_Buruaga,563,es,mobile,2026-03-04 17:00:00
Estrecho_de_Ormuz,788,es,mobile,2026-03-04 17:00:00
Fernando_Ónega,19016,es,mobile,2026-03-04 17:00:00
Día_Internacional_de_la_Mujer,481,es,mobile,2026-03-04 17:00:00
IRIS_Dena,451,es,mobile,2026-03-04 17:00:00
Irán,1193,es,mobile,2026-03-04 17:00:00
Jeffrey_Epstein,692,es,mobile,2026-03-04 17:00:00
Juan_Bautista_Mahiques,749,es,mobile,2026-03-04 17:00:00
María_Rey,646,es,mobile,2026-03-04 17:00:00
Mosteiro_(Pol),994,es,mobile,2026-03-04 17:00:00
Radio_AM_750,2255,es,mobile,2026-03-04 17:00:00
Sonsoles_Ónega,4384,es,mobile,2026-03-04 17:00:00
Vicente_Vallés,720,es,mobile,2026-03-04 17:00:00
Ángel_Antonio_Herrera,473,es,mobile,2026-03-04 17:00:00
Ángel_Losada_Fernández,1667,es,mobile,2026-03-04 17:00:00
Eduardo_Coudet,3648,es,mobile,2026-03-04 17:00:00
Estrecho_de_Ormuz,499,es,mobile,2026-03-04 18:00:00
Eduardo_Coudet,2789,es,mobile,2026-03-04 18:00:00
Día_Internacional_de_la_Mujer,569,es,mobile,2026-03-04 18:00:00
Donald_Trump,650,es,mobile,2026-03-04 18:00:00
Arirang_(álbum),597,es,mobile,2026-03-04 18:00:00
Sonsoles_Ónega,3867,es,mobile,2026-03-04 18:00:00
Radio_AM_750,2204,es,mobile,2026-03-04 18:00:00
Pilar_Cernuda,1264,es,mobile,2026-03-04 18:00:00
Juan_Bautista_Mahiques,1015,es,mobile,2026-03-04 18:00:00
Jeffrey_Epstein,776,es,mobile,2026-03-04 18:00:00
Irán,1069,es,mobile,2026-03-04 18:00:00
Fernando_Ónega,15969,es,mobile,2026-03-04 18:00:00
Ana_Luisa_Peluffo,1947,es,mobile,2026-03-04 18:00:00
Alí_Jameneí,826,es,mobile,2026-03-04 18:00:00
SHA-2,605,es,desktop,2026-03-04 18:00:00
Fernando_Ónega,1130,es,desktop,2026-03-04 18:00:00
Eduardo_Coudet,683,es,desktop,2026-03-04 18:00:00
Fernando_Jáuregui,529,es,mobile,2026-03-04 18:00:00
Sonsoles_Ónega,3413,es,mobile,2026-03-04 19:00:00
Cayetana_Fitz-James_Stuart,732,es,mobile,2026-03-04 19:00:00
Sarah_Santaolalla,681,es,mobile,2026-03-04 19:00:00
Rota,786,es,mobile,2026-03-04 19:00:00
Conflicto_de_Irán_de_2026,455,es,mobile,2026-03-04 19:00:00
Cristina_Ónega,3006,es,mobile,2026-03-04 19:00:00
Donald_Trump,748,es,mobile,2026-03-04 19:00:00
Radio_AM_750,1694,es,mobile,2026-03-04 19:00:00
Día_Internacional_de_la_Mujer,530,es,mobile,2026-03-04 19:00:00
Eduardo_Coudet,2173,es,mobile,2026-03-04 19:00:00
Fernando_Ónega,981,es,desktop,2026-03-04 19:00:00
Tabla_periódica_de_los_elementos,460,es,desktop,2026-03-04 19:00:00
Eduardo_Coudet,552,es,desktop,2026-03-04 19:00:00
Karoline_Leavitt,798,es,mobile,2026-03-04 19:00:00
Elecciones_presidenciales_de_Colombia_de_2026,492,es,mobile,2026-03-04 19:00:00
Irán,1093,es,mobile,2026-03-04 19:00:00
Fernando_Ónega,14552,es,mobile,2026-03-04 19:00:00
Estrecho_de_Ormuz,495,es,mobile,2026-03-04 19:00:00
Luis_Rojas_Marcos,1641,es,mobile,2026-03-04 19:00:00
Alí_Jameneí,784,es,mobile,2026-03-04 19:00:00
Ana_Luisa_Peluffo,1757,es,mobile,2026-03-04 19:00:00
Antonio_Casado_Alonso,774,es,mobile,2026-03-04 19:00:00
Arirang_(álbum),582,es,mobile,2026-03-04 19:00:00
Brian_Sarmiento,649,es,mobile,2026-03-04 19:00:00
Carmen_Rigalt,545,es,mobile,2026-03-04 19:00:00
Yanina_Zilli,622,es,mobile,2026-03-04 19:00:00
Jeffrey_Epstein,703,es,mobile,2026-03-04 19:00:00
Juan_Bautista_Mahiques,547,es,mobile,2026-03-04 19:00:00
Caso_Nahuel_Gallo,668,es,mobile,2026-03-04 19:00:00
Tabla_periódica_de_los_elementos,451,es,mobile,2026-03-04 20:00:00
Yanina_Zilli,762,es,mobile,2026-03-04 20:00:00
Yakovlev_Yak-130,480,es,mobile,2026-03-04 20:00:00
Sonsoles_Ónega,2734,es,mobile,2026-03-04 20:00:00
Rosario_Pardo,5048,es,mobile,2026-03-04 20:00:00
Radio_AM_750,1967,es,mobile,2026-03-04 20:00:00
Oscar_Trejo,547,es,mobile,2026-03-04 20:00:00
Matías_Prats_Luque,653,es,mobile,2026-03-04 20:00:00
Matías_Prats_Cañete,478,es,mobile,2026-03-04 20:00:00
José_Ángel_Antelo,641,es,mobile,2026-03-04 20:00:00
Jorge_Luengo,653,es,mobile,2026-03-04 20:00:00
Jeffrey_Epstein,736,es,mobile,2026-03-04 20:00:00
Irán,1211,es,mobile,2026-03-04 20:00:00
Irene_Junquera,1917,es,mobile,2026-03-04 20:00:00
Fernando_Ónega,10617,es,mobile,2026-03-04 20:00:00
Estrecho_de_Ormuz,586,es,mobile,2026-03-04 20:00:00
Eduardo_Coudet,1710,es,mobile,2026-03-04 20:00:00
Día_Internacional_de_la_Mujer,720,es,mobile,2026-03-04 20:00:00
Donald_Trump,698,es,mobile,2026-03-04 20:00:00
Cristina_Ónega,2399,es,mobile,2026-03-04 20:00:00
Copa_del_Rey,561,es,mobile,2026-03-04 20:00:00
Caso_Nahuel_Gallo,462,es,mobile,2026-03-04 20:00:00
Ayatolá,540,es,mobile,2026-03-04 20:00:00
Arirang_(álbum),514,es,mobile,2026-03-04 20:00:00
Ana_Luisa_Peluffo,1893,es,mobile,2026-03-04 20:00:00
Alí_Jameneí,828,es,mobile,2026-03-04 20:00:00
SHA-2,823,es,desktop,2026-03-04 20:00:00
Irán,453,es,desktop,2026-03-04 20:00:00
Fernando_Ónega,772,es,desktop,2026-03-04 20:00:00
Radio_AM_750,2392,es,mobile,2026-03-04 21:00:00
Pornografía,685,es,mobile,2026-03-04 21:00:00
Pellegrino_Matarazzo,2429,es,mobile,2026-03-04 21:00:00
Pedro_Sánchez,547,es,mobile,2026-03-04 21:00:00
Conflicto_de_Irán_de_2026,583,es,mobile,2026-03-04 21:00:00
Ana_Luisa_Peluffo,1869,es,mobile,2026-03-04 21:00:00
Athletic_Club,554,es,mobile,2026-03-04 21:00:00
Eduardo_Coudet,1743,es,mobile,2026-03-04 21:00:00
Ernesto_Valverde,1885,es,mobile,2026-03-04 21:00:00
Estadio_de_Anoeta,625,es,mobile,2026-03-04 21:00:00
Aymeric_Laporte,902,es,mobile,2026-03-04 21:00:00
Estrecho_de_Ormuz,495,es,mobile,2026-03-04 21:00:00
Alí_Jameneí,896,es,mobile,2026-03-04 21:00:00
Fernando_Ónega,15839,es,mobile,2026-03-04 21:00:00
Gonçalo_Guedes,978,es,mobile,2026-03-04 21:00:00
Irene_Junquera,481,es,mobile,2026-03-04 21:00:00
Carlos_Soler,1387,es,mobile,2026-03-04 21:00:00
SHA-2,634,es,desktop,2026-03-04 21:00:00
Atentados_del_11_de_marzo_de_2004,465,es,mobile,2026-03-04 21:00:00
Premier_League,569,es,desktop,2026-03-04 21:00:00
Irán,1309,es,mobile,2026-03-04 21:00:00
Iñaki_Williams,902,es,mobile,2026-03-04 21:00:00
Fernando_Ónega,788,es,desktop,2026-03-04 21:00:00
Copa_del_Rey,1611,es,mobile,2026-03-04 21:00:00
Cristina_Ónega,3574,es,mobile,2026-03-04 21:00:00
Donald_Trump,858,es,mobile,2026-03-04 21:00:00
Jeffrey_Epstein,816,es,mobile,2026-03-04 21:00:00
Día_Internacional_de_la_Mujer,738,es,mobile,2026-03-04 21:00:00
John_F._Kennedy_Jr.,500,es,mobile,2026-03-04 21:00:00
José_Manuel_Albares,531,es,mobile,2026-03-04 21:00:00
Juan_Bautista_Mahiques,468,es,mobile,2026-03-04 21:00:00
Karoline_Leavitt,536,es,mobile,2026-03-04 21:00:00
Mikel_Oyarzabal,783,es,mobile,2026-03-04 21:00:00
Nico_Williams,586,es,mobile,2026-03-04 21:00:00
Álex_Padilla,2398,es,mobile,2026-03-04 21:00:00
Yuri_Berchiche,844,es,mobile,2026-03-04 21:00:00
Unai_Marrero,871,es,mobile,2026-03-04 21:00:00
Sonsoles_Ónega,4176,es,mobile,2026-03-04 21:00:00
Sergio_Gómez_Martín,552,es,mobile,2026-03-04 21:00:00
Rosario_Pardo,1030,es,mobile,2026-03-04 21:00:00
Real_Sociedad_de_Fútbol,1540,es,mobile,2026-03-04 21:00:00
Jeffrey_Epstein,866,es,mobile,2026-03-04 22:00:00
Carolyn_Bessette-Kennedy,553,es,mobile,2026-03-04 22:00:00
Alí_Jameneí,911,es,mobile,2026-03-04 22:00:00
Athletic_Club,574,es,mobile,2026-03-04 22:00:00
Copa_Mundial_de_Fútbol_de_2026,454,es,mobile,2026-03-04 22:00:00
Cumbres_Borrascosas_(película_de_2026),528,es,mobile,2026-03-04 22:00:00
El_caballero_de_los_Siete_Reinos_(serie_de_televisión),520,es,mobile,2026-03-04 22:00:00
Estrecho_de_Ormuz,456,es,mobile,2026-03-04 22:00:00
Fernando_Ónega,10618,es,mobile,2026-03-04 22:00:00
Irán,1372,es,mobile,2026-03-04 22:00:00
PutoMikel,638,es,mobile,2026-03-04 22:00:00
Real_Sociedad_de_Fútbol,1985,es,mobile,2026-03-04 22:00:00
Sarah_Santaolalla,1445,es,mobile,2026-03-04 22:00:00
Unai_Marrero,1055,es,mobile,2026-03-04 22:00:00
Álex_Padilla,1115,es,mobile,2026-03-04 22:00:00
Tote_Fernández,1239,es,mobile,2026-03-04 23:00:00
XXVII_Festival_Internacional_de_la_Canción_de_Viña_del_Mar,938,es,mobile,2026-03-04 23:00:00
Fernando_Ónega,477,es,desktop,2026-03-04 23:00:00
Alejandro_Vergara,557,es,mobile,2026-03-04 23:00:00
Carolyn_Bessette-Kennedy,505,es,mobile,2026-03-04 23:00:00
Cumbres_Borrascosas_(película_de_2026),468,es,mobile,2026-03-04 23:00:00
Radio_AM_750,4149,es,mobile,2026-03-04 23:00:00
Pellegrino_Matarazzo,2660,es,mobile,2026-03-04 23:00:00
Día_Internacional_de_la_Mujer,801,es,mobile,2026-03-04 23:00:00
Final_de_la_Copa_del_Rey_de_fútbol_2025-26,512,es,mobile,2026-03-04 23:00:00
Isabel_Gemio,816,es,mobile,2026-03-04 23:00:00
Sarah_Santaolalla,574,es,mobile,2026-03-04 23:00:00
Mariano_Cúneo_Libarona,625,es,mobile,2026-03-04 23:00:00
Javier_Rupérez,1338,es,mobile,2026-03-04 23:00:00
Mojtaba_Khamenei,639,fr,mobile,2026-03-04 01:00:00
Cookie_(informatique),43132,fr,desktop,2026-03-04 01:00:00
Ali_Khamenei,907,fr,mobile,2026-03-04 01:00:00
Iran,697,fr,mobile,2026-03-04 01:00:00
Olivier_Primeau,599,fr,mobile,2026-03-04 01:00:00
XXX,618,fr,desktop,2026-03-04 01:00:00
Cookie_(informatique),57205,fr,desktop,2026-03-04 02:00:00
Ali_Khamenei,567,fr,mobile,2026-03-04 02:00:00
XNXX,669,fr,mobile,2026-03-04 02:00:00
XXX,1186,fr,mobile,2026-03-04 02:00:00
XXX,516,fr,desktop,2026-03-04 02:00:00
XNXX,467,fr,mobile,2026-03-04 03:00:00
Ali_Khamenei,483,fr,mobile,2026-03-04 03:00:00
Cookie_(informatique),60801,fr,desktop,2026-03-04 03:00:00
XXX,886,fr,mobile,2026-03-04 03:00:00
XXX,723,fr,mobile,2026-03-04 04:00:00
Cookie_(informatique),56727,fr,desktop,2026-03-04 04:00:00
Cookie_(informatique),47679,fr,desktop,2026-03-04 05:00:00
Charles_de_Gaulle_(porte-avions),590,fr,mobile,2026-03-04 06:00:00
Cookie_(informatique),12289,fr,desktop,2026-03-04 06:00:00
Ali_Khamenei,700,fr,mobile,2026-03-04 06:00:00
Iran,682,fr,mobile,2026-03-04 06:00:00
Détroit_d'Ormuz,565,fr,mobile,2026-03-04 06:00:00
Iran,1047,fr,mobile,2026-03-04 07:00:00
Languedoc_(frégate),464,fr,mobile,2026-03-04 07:00:00
Éléonore_Caroit,548,fr,mobile,2026-03-04 07:00:00
Conflit_américano-israélo-iranien_de_2026,584,fr,mobile,2026-03-04 07:00:00
Charles_de_Gaulle_(porte-avions),1026,fr,mobile,2026-03-04 07:00:00
Maeva_Ghennam,494,fr,mobile,2026-03-04 07:00:00
Mojtaba_Khamenei,596,fr,mobile,2026-03-04 07:00:00
Pablo_Neruda,463,fr,mobile,2026-03-04 07:00:00
Détroit_d'Ormuz,896,fr,mobile,2026-03-04 07:00:00
Ali_Khamenei,986,fr,mobile,2026-03-04 07:00:00
Cookie_(informatique),8029,fr,desktop,2026-03-04 07:00:00
Hezbollah,536,fr,mobile,2026-03-04 07:00:00
Pablo_Neruda,607,fr,mobile,2026-03-04 08:00:00
Mojtaba_Khamenei,580,fr,mobile,2026-03-04 08:00:00
Soudan_du_Sud,6854,fr,desktop,2026-03-04 08:00:00
Affaire_Flactif,575,fr,mobile,2026-03-04 08:00:00
Ali_Khamenei,1295,fr,mobile,2026-03-04 08:00:00
Charles_de_Gaulle_(porte-avions),1175,fr,mobile,2026-03-04 08:00:00
Christy_Martin,507,fr,mobile,2026-03-04 08:00:00
Conflit_américano-israélo-iranien_de_2026,527,fr,mobile,2026-03-04 08:00:00
Détroit_d'Ormuz,1030,fr,mobile,2026-03-04 08:00:00
Edwy_Plenel,716,fr,mobile,2026-03-04 08:00:00
Farah_Pahlavi,481,fr,mobile,2026-03-04 08:00:00
Rouhollah_Khomeini,458,fr,mobile,2026-03-04 08:00:00
Pierre_Cazeneuve,618,fr,mobile,2026-03-04 08:00:00
Hezbollah,537,fr,mobile,2026-03-04 08:00:00
Cookie_(informatique),8309,fr,desktop,2026-03-04 08:00:00
Iran,1196,fr,mobile,2026-03-04 08:00:00
Cameroun,503,fr,desktop,2026-03-04 08:00:00
Jean-Philippe_Tanguy,675,fr,mobile,2026-03-04 08:00:00
Laurent_Lafitte,510,fr,mobile,2026-03-04 08:00:00
Mathilde_Panot,1288,fr,mobile,2026-03-04 08:00:00
Maud_Bregeon,1183,fr,mobile,2026-03-04 08:00:00
Mohammad_Reza_Pahlavi,456,fr,mobile,2026-03-04 08:00:00
Détroit_d'Ormuz,677,fr,mobile,2026-03-04 09:00:00
Cookie_(informatique),7930,fr,desktop,2026-03-04 09:00:00
Charles_de_Gaulle_(porte-avions),970,fr,mobile,2026-03-04 09:00:00
Conflit_américano-israélo-iranien_de_2026,508,fr,mobile,2026-03-04 09:00:00
Ali_Khamenei,1091,fr,mobile,2026-03-04 09:00:00
Iran,1061,fr,mobile,2026-03-04 09:00:00
Soudan_du_Sud,3732,fr,desktop,2026-03-04 09:00:00
Pascal_Bruckner,791,fr,desktop,2026-03-04 09:00:00
Yakovlev_Yak-130,518,fr,desktop,2026-03-04 09:00:00
Michel-Ange,3261,fr,desktop,2026-03-04 09:00:00
Pascal_Bruckner,4044,fr,mobile,2026-03-04 09:00:00
Pablo_Neruda,773,fr,mobile,2026-03-04 09:00:00
Mojtaba_Khamenei,616,fr,mobile,2026-03-04 09:00:00
Mathilde_Seigner,2259,fr,mobile,2026-03-04 09:00:00
Pakistan,586,fr,desktop,2026-03-04 10:00:00
Ali_Khamenei,493,fr,desktop,2026-03-04 10:00:00
Iran,482,fr,desktop,2026-03-04 10:00:00
Yakovlev_Yak-130,1997,fr,mobile,2026-03-04 10:00:00
XXX,534,fr,mobile,2026-03-04 10:00:00
Mojtaba_Khamenei,599,fr,mobile,2026-03-04 10:00:00
Maeva_Ghennam,544,fr,mobile,2026-03-04 10:00:00
Iran,872,fr,mobile,2026-03-04 10:00:00
Détroit_d'Ormuz,501,fr,mobile,2026-03-04 10:00:00
Conflit_américano-israélo-iranien_de_2026,491,fr,mobile,2026-03-04 10:00:00
Charles_de_Gaulle_(porte-avions),698,fr,mobile,2026-03-04 10:00:00
Ali_Khamenei,886,fr,mobile,2026-03-04 10:00:00
Yakovlev_Yak-130,2003,fr,desktop,2026-03-04 10:00:00
Soudan_du_Sud,7393,fr,desktop,2026-03-04 10:00:00
Michel-Ange,1429,fr,desktop,2026-03-04 10:00:00
Cookie_(informatique),7153,fr,desktop,2026-03-04 10:00:00
Conflit_américano-israélo-iranien_de_2026,451,fr,desktop,2026-03-04 10:00:00
Cameroun,513,fr,desktop,2026-03-04 10:00:00
Yakovlev_Yak-130,1486,fr,mobile,2026-03-04 11:00:00
Charles_de_Gaulle_(porte-avions),744,fr,mobile,2026-03-04 11:00:00
Détroit_d'Ormuz,470,fr,mobile,2026-03-04 11:00:00
Iran,848,fr,mobile,2026-03-04 11:00:00
Mojtaba_Khamenei,641,fr,mobile,2026-03-04 11:00:00
XXX,494,fr,mobile,2026-03-04 11:00:00
Ali_Khamenei,941,fr,mobile,2026-03-04 11:00:00
Élément_HTML,495,fr,desktop,2026-03-04 11:00:00
Yakovlev_Yak-130,1466,fr,desktop,2026-03-04 11:00:00
Soudan_du_Sud,3481,fr,desktop,2026-03-04 11:00:00
Michel-Ange,3578,fr,desktop,2026-03-04 11:00:00
Iran,542,fr,desktop,2026-03-04 11:00:00
Cookie_(informatique),17859,fr,desktop,2026-03-04 11:00:00
Ali_Khamenei,514,fr,desktop,2026-03-04 11:00:00
Rouhollah_Khomeini,496,fr,mobile,2026-03-04 12:00:00
Maeva_Ghennam,504,fr,mobile,2026-03-04 12:00:00
Les_Douze_Coups_de_midi,675,fr,mobile,2026-03-04 12:00:00
Yakovlev_Yak-130,698,fr,desktop,2026-03-04 12:00:00
Iran,1378,fr,mobile,2026-03-04 12:00:00
Charles_de_Gaulle_(porte-avions),1077,fr,mobile,2026-03-04 12:00:00
Arbre_à_pain,660,fr,mobile,2026-03-04 12:00:00
Michel-Ange,1281,fr,desktop,2026-03-04 12:00:00
Pedro_Sánchez,500,fr,mobile,2026-03-04 12:00:00
Cookie_(informatique),20544,fr,desktop,2026-03-04 12:00:00
Détroit_d'Ormuz,639,fr,mobile,2026-03-04 12:00:00
Soudan_du_Sud,795,fr,desktop,2026-03-04 12:00:00
Mojtaba_Khamenei,774,fr,mobile,2026-03-04 12:00:00
Tout_le_monde_veut_prendre_sa_place,1859,fr,mobile,2026-03-04 12:00:00
Stéphane_Diagana,1451,fr,mobile,2026-03-04 12:00:00
Ali_Khamenei,1350,fr,mobile,2026-03-04 12:00:00
Conflit_américano-israélo-iranien_de_2026,574,fr,mobile,2026-03-04 12:00:00
Yakovlev_Yak-130,1200,fr,mobile,2026-03-04 12:00:00
Cookie_(informatique),21328,fr,desktop,2026-03-04 13:00:00
Iran,481,fr,desktop,2026-03-04 13:00:00
Laurent_Lafitte,455,fr,desktop,2026-03-04 13:00:00
Rouhollah_Khomeini,544,fr,mobile,2026-03-04 13:00:00
Maud_Bregeon,586,fr,mobile,2026-03-04 13:00:00
Soudan_du_Sud,4160,fr,desktop,2026-03-04 13:00:00
Yakovlev_Yak-130,599,fr,desktop,2026-03-04 13:00:00
Ali_Khamenei,1313,fr,mobile,2026-03-04 13:00:00
Charles_de_Gaulle_(porte-avions),1621,fr,mobile,2026-03-04 13:00:00
Conflit_américano-israélo-iranien_de_2026,634,fr,mobile,2026-03-04 13:00:00
Donald_Trump,479,fr,mobile,2026-03-04 13:00:00
Détroit_d'Ormuz,1139,fr,mobile,2026-03-04 13:00:00
Hezbollah,485,fr,mobile,2026-03-04 13:00:00
Iran,1441,fr,mobile,2026-03-04 13:00:00
Laurent_Lafitte,4744,fr,mobile,2026-03-04 13:00:00
Liste_des_porte-avions_et_porte-aéronefs,654,fr,mobile,2026-03-04 13:00:00
Maeva_Ghennam,623,fr,mobile,2026-03-04 13:00:00
Morphine,531,fr,desktop,2026-03-04 13:00:00
Mohammad_Reza_Pahlavi,455,fr,mobile,2026-03-04 13:00:00
Mélanie_Taravant,715,fr,mobile,2026-03-04 13:00:00
Pedro_Sánchez,795,fr,mobile,2026-03-04 13:00:00
Yakovlev_Yak-130,863,fr,mobile,2026-03-04 13:00:00
Ali_Khamenei,898,fr,mobile,2026-03-04 14:00:00
Conflit_américano-israélo-iranien_de_2026,456,fr,desktop,2026-03-04 14:00:00
Cookie_(informatique),18644,fr,desktop,2026-03-04 14:00:00
IRIS_Déna,492,fr,desktop,2026-03-04 14:00:00
Iran,561,fr,desktop,2026-03-04 14:00:00
Michel-Ange,1074,fr,desktop,2026-03-04 14:00:00
Morphine,510,fr,desktop,2026-03-04 14:00:00
Pete_Hegseth,504,fr,desktop,2026-03-04 14:00:00
Soudan_du_Sud,3082,fr,desktop,2026-03-04 14:00:00
Yakovlev_Yak-130,485,fr,desktop,2026-03-04 14:00:00
Charles_de_Gaulle_(porte-avions),676,fr,mobile,2026-03-04 14:00:00
Conflit_américano-israélo-iranien_de_2026,581,fr,mobile,2026-03-04 14:00:00
Dan_Caine,566,fr,mobile,2026-03-04 14:00:00
Disparue_(téléfilm),464,fr,mobile,2026-03-04 14:00:00
Détroit_d'Ormuz,494,fr,mobile,2026-03-04 14:00:00
Iran,940,fr,mobile,2026-03-04 14:00:00
Langres,509,fr,mobile,2026-03-04 14:00:00
Pedro_Sánchez,518,fr,mobile,2026-03-04 14:00:00
Pete_Hegseth,1606,fr,mobile,2026-03-04 14:00:00
Yakovlev_Yak-130,519,fr,mobile,2026-03-04 14:00:00
Michel-Ange,1762,fr,desktop,2026-03-04 15:00:00
Iran,522,fr,desktop,2026-03-04 15:00:00
Delphine_de_Saxe-Cobourg,697,fr,mobile,2026-03-04 15:00:00
Soudan_du_Sud,2696,fr,desktop,2026-03-04 15:00:00
IRIS_Déna,1082,fr,desktop,2026-03-04 15:00:00
Cookie_(informatique),14192,fr,desktop,2026-03-04 15:00:00
Pete_Hegseth,453,fr,mobile,2026-03-04 15:00:00
Conflit_américano-israélo-iranien_de_2026,536,fr,desktop,2026-03-04 15:00:00
Iran,855,fr,mobile,2026-03-04 15:00:00
Détroit_d'Ormuz,513,fr,mobile,2026-03-04 15:00:00
IRIS_Déna,1003,fr,mobile,2026-03-04 15:00:00
Charles_de_Gaulle_(porte-avions),682,fr,mobile,2026-03-04 16:00:00
Ali_Khamenei,457,fr,desktop,2026-03-04 16:00:00
Détroit_d'Ormuz,559,fr,mobile,2026-03-04 16:00:00
IRIS_Déna,835,fr,mobile,2026-03-04 16:00:00
Iran,966,fr,mobile,2026-03-04 16:00:00
Pedro_Sánchez,492,fr,mobile,2026-03-04 16:00:00
Conflit_américano-israélo-iranien_de_2026,609,fr,mobile,2026-03-04 16:00:00
Conflit_américano-israélo-iranien_de_2026,554,fr,desktop,2026-03-04 16:00:00
Cookie_(informatique),13679,fr,desktop,2026-03-04 16:00:00
IRIS_Déna,809,fr,desktop,2026-03-04 16:00:00
Iran,531,fr,desktop,2026-03-04 16:00:00
Michel-Ange,1645,fr,desktop,2026-03-04 16:00:00
Soudan_du_Sud,2213,fr,desktop,2026-03-04 16:00:00
wiki.phtml,461,fr,desktop,2026-03-04 16:00:00
Ali_Khamenei,833,fr,mobile,2026-03-04 16:00:00
Camilla_Crociani,697,fr,mobile,2026-03-04 16:00:00
Charles-Henri_de_Lobkowicz,486,fr,mobile,2026-03-04 16:00:00
Charles_de_Gaulle_(porte-avions),758,fr,mobile,2026-03-04 17:00:00
Château_d'Assas_(Hérault),494,fr,mobile,2026-03-04 17:00:00
Conflit_américano-israélo-iranien_de_2026,731,fr,mobile,2026-03-04 17:00:00
Détroit_d'Ormuz,616,fr,mobile,2026-03-04 17:00:00
Format_35_mm,475,fr,mobile,2026-03-04 17:00:00
IRIS_Déna,780,fr,mobile,2026-03-04 17:00:00
Charles-Henri_de_Lobkowicz,530,fr,mobile,2026-03-04 17:00:00
Iran,1099,fr,mobile,2026-03-04 17:00:00
Melissa_Bell,678,fr,mobile,2026-03-04 17:00:00
Olivier_Debré,1038,fr,mobile,2026-03-04 17:00:00
Pedro_Sánchez,451,fr,mobile,2026-03-04 17:00:00
Pete_Hegseth,460,fr,mobile,2026-03-04 17:00:00
Ali_Khamenei,850,fr,mobile,2026-03-04 17:00:00
Affaire_Elisa_Pilarski,456,fr,mobile,2026-03-04 17:00:00
wiki.phtml,593,fr,desktop,2026-03-04 17:00:00
Michel-Ange,849,fr,desktop,2026-03-04 17:00:00
Iran,487,fr,desktop,2026-03-04 17:00:00
IRIS_Déna,626,fr,desktop,2026-03-04 17:00:00
Cookie_(informatique),15975,fr,desktop,2026-03-04 17:00:00
Conflit_américano-israélo-iranien_de_2026,487,fr,desktop,2026-03-04 17:00:00
Melissa_Bell,1560,fr,mobile,2026-03-04 18:00:00
Cookie_(informatique),7506,fr,desktop,2026-03-04 18:00:00
IRIS_Déna,552,fr,desktop,2026-03-04 18:00:00
wiki.phtml,739,fr,desktop,2026-03-04 18:00:00
Ali_Khamenei,1025,fr,mobile,2026-03-04 18:00:00
Cesare_Pavese,1054,fr,mobile,2026-03-04 18:00:00
Charles_de_Gaulle_(porte-avions),950,fr,mobile,2026-03-04 18:00:00
Conflit_américano-israélo-iranien_de_2026,759,fr,mobile,2026-03-04 18:00:00
David_Gategno,926,fr,mobile,2026-03-04 18:00:00
David_et_Jonathan_(groupe),2802,fr,mobile,2026-03-04 18:00:00
Détroit_d'Ormuz,781,fr,mobile,2026-03-04 18:00:00
François_Heisbourg,752,fr,mobile,2026-03-04 18:00:00
Hezbollah,535,fr,mobile,2026-03-04 18:00:00
IRIS_Déna,970,fr,mobile,2026-03-04 18:00:00
Iran,1505,fr,mobile,2026-03-04 18:00:00
Liban,515,fr,mobile,2026-03-04 18:00:00
Marine_de_la_république_islamique_d'Iran,516,fr,mobile,2026-03-04 18:00:00
Pedro_Sánchez,520,fr,mobile,2026-03-04 18:00:00
Pete_Hegseth,583,fr,mobile,2026-03-04 18:00:00
Torpille_Mark_48,472,fr,mobile,2026-03-04 18:00:00
Hélène_Carrère_d'Encausse,501,fr,mobile,2026-03-04 19:00:00
Marine_de_la_république_islamique_d'Iran,504,fr,mobile,2026-03-04 19:00:00
Marina_Carrère_d'Encausse,1979,fr,mobile,2026-03-04 19:00:00
Donald_Trump,527,fr,mobile,2026-03-04 19:00:00
Frédéric_Encel,671,fr,mobile,2026-03-04 19:00:00
Mahmoud_Ahmadinejad,517,fr,mobile,2026-03-04 19:00:00
IRIS_Déna,791,fr,mobile,2026-03-04 19:00:00
Coupe_du_monde_de_football_2026,467,fr,mobile,2026-03-04 19:00:00
Karoline_Leavitt,861,fr,mobile,2026-03-04 19:00:00
Liste_des_porte-avions_et_porte-aéronefs,529,fr,mobile,2026-03-04 19:00:00
Conflit_américano-israélo-iranien_de_2026,797,fr,mobile,2026-03-04 19:00:00
Ali_Khamenei,1572,fr,mobile,2026-03-04 19:00:00
Jean_Quatremer,1250,fr,mobile,2026-03-04 19:00:00
Liban,472,fr,mobile,2026-03-04 19:00:00
Jusqu'à_la_garde,518,fr,mobile,2026-03-04 19:00:00
Affaire_Elisa_Pilarski,468,fr,mobile,2026-03-04 19:00:00
Charlotte_d'Ornellas,742,fr,mobile,2026-03-04 19:00:00
Charles_de_Gaulle_(porte-avions),1330,fr,mobile,2026-03-04 19:00:00
Hezbollah,786,fr,mobile,2026-03-04 19:00:00
wiki.phtml,885,fr,desktop,2026-03-04 19:00:00
Cookie_(informatique),11217,fr,desktop,2026-03-04 19:00:00
Philippe_Etchebest,1527,fr,mobile,2026-03-04 19:00:00
Iran,1630,fr,mobile,2026-03-04 19:00:00
Grégoire_de_Saint-Quentin,550,fr,mobile,2026-03-04 19:00:00
Pedro_Sánchez,586,fr,mobile,2026-03-04 19:00:00
Pablo_Neruda,1766,fr,mobile,2026-03-04 19:00:00
Antoine_Basbous,569,fr,mobile,2026-03-04 19:00:00
Liste_de_sondages_sur_l'élection_présidentielle_française_de_2027,593,fr,mobile,2026-03-04 19:00:00
N'oubliez_pas_les_paroles_!,587,fr,mobile,2026-03-04 19:00:00
Mojtaba_Khamenei,478,fr,mobile,2026-03-04 19:00:00
Mohammad_Reza_Pahlavi,471,fr,mobile,2026-03-04 19:00:00
Effet_Dunning-Kruger,608,fr,mobile,2026-03-04 19:00:00
Détroit_d'Ormuz,761,fr,mobile,2026-03-04 19:00:00
Duckens_Nazon,1918,fr,mobile,2026-03-04 19:00:00
Affaire_Elisa_Pilarski,561,fr,mobile,2026-03-04 20:00:00
.xxx,488,fr,mobile,2026-03-04 20:00:00
Laetitia_Casta,807,fr,desktop,2026-03-04 20:00:00
Cookie_(informatique),10070,fr,desktop,2026-03-04 20:00:00
Olympe_de_Gouges,767,fr,mobile,2026-03-04 20:00:00
Téhéran,709,fr,mobile,2026-03-04 20:00:00
USS_Gerald_R._Ford_(CVN-78),681,fr,mobile,2026-03-04 20:00:00
Israël,809,fr,mobile,2026-03-04 20:00:00
Iran,2170,fr,mobile,2026-03-04 20:00:00
IRIS_Déna,1029,fr,mobile,2026-03-04 20:00:00
Hezbollah,1539,fr,mobile,2026-03-04 20:00:00
Guillaume_Gallienne,2538,fr,mobile,2026-03-04 20:00:00
Guerre_du_Golfe,455,fr,mobile,2026-03-04 20:00:00
Guerre_Iran-Israël,546,fr,mobile,2026-03-04 20:00:00
Gilles_Lellouche,3957,fr,mobile,2026-03-04 20:00:00
France,516,fr,mobile,2026-03-04 20:00:00
Flotte_de_porte-avions_de_l'US_Navy,507,fr,mobile,2026-03-04 20:00:00
Détroit_d'Ormuz,1470,fr,mobile,2026-03-04 20:00:00
Dubaï_(ville),644,fr,mobile,2026-03-04 20:00:00
Raphaël_Glucksmann,841,fr,mobile,2026-03-04 20:00:00
Pourim,800,fr,mobile,2026-03-04 20:00:00
Porte-avions_de_nouvelle_génération,529,fr,mobile,2026-03-04 20:00:00
Pin_(plante),545,fr,mobile,2026-03-04 20:00:00
Pierre_Cazeneuve,566,fr,mobile,2026-03-04 20:00:00
Philippe_Lellouche,1246,fr,mobile,2026-03-04 20:00:00
Pete_Hegseth,724,fr,mobile,2026-03-04 20:00:00
Pedro_Sánchez,829,fr,mobile,2026-03-04 20:00:00
Pablo_Neruda,663,fr,mobile,2026-03-04 20:00:00
Yakovlev_Yak-130,914,fr,mobile,2026-03-04 20:00:00
Donald_Trump,625,fr,mobile,2026-03-04 20:00:00
Young_Sherlock,543,fr,mobile,2026-03-04 20:00:00
Élisabeth_Quin,500,fr,mobile,2026-03-04 20:00:00
Émirats_arabes_unis,690,fr,mobile,2026-03-04 20:00:00
Éric_Revel,930,fr,mobile,2026-03-04 20:00:00
Sydney_Sweeney,757,fr,mobile,2026-03-04 20:00:00
Stéphane_Sednaoui,1692,fr,mobile,2026-03-04 20:00:00
Stefano_Accorsi,1142,fr,mobile,2026-03-04 20:00:00
Torpille_Mark_48,606,fr,mobile,2026-03-04 20:00:00
Shahed_136,631,fr,mobile,2026-03-04 20:00:00
Rémi_Bezançon,775,fr,mobile,2026-03-04 20:00:00
Rouhollah_Khomeini,883,fr,mobile,2026-03-04 20:00:00
Jérémy_Ferrari,1122,fr,mobile,2026-03-04 20:00:00
Jusqu'à_la_garde,973,fr,mobile,2026-03-04 20:00:00
Jeffrey_Epstein,483,fr,mobile,2026-03-04 20:00:00
Jim_Carrey,857,fr,mobile,2026-03-04 20:00:00
Mort_de_Quentin_Deranque,562,fr,mobile,2026-03-04 20:00:00
Mojtaba_Khamenei,513,fr,mobile,2026-03-04 20:00:00
Mohammad_Reza_Pahlavi,593,fr,mobile,2026-03-04 20:00:00
Michel_Goya,795,fr,mobile,2026-03-04 20:00:00
Maud_Bregeon,1093,fr,mobile,2026-03-04 20:00:00
Marine_de_la_république_islamique_d'Iran,682,fr,mobile,2026-03-04 20:00:00
Marilyn_Monroe,1035,fr,mobile,2026-03-04 20:00:00
Marc_Weitzmann,585,fr,mobile,2026-03-04 20:00:00
Mahmoud_Ahmadinejad,949,fr,mobile,2026-03-04 20:00:00
Maeva_Ghennam,712,fr,mobile,2026-03-04 20:00:00
Léa_Salamé,4734,fr,mobile,2026-03-04 20:00:00
Louis_Garrel,2877,fr,mobile,2026-03-04 20:00:00
Liste_des_porte-aéronefs_français,650,fr,mobile,2026-03-04 20:00:00
Liste_des_porte-avions_et_porte-aéronefs,2463,fr,mobile,2026-03-04 20:00:00
Liste_de_sondages_sur_l'élection_présidentielle_française_de_2027,491,fr,mobile,2026-03-04 20:00:00
Liban,1104,fr,mobile,2026-03-04 20:00:00
Le_Crime_du_3e_étage,601,fr,mobile,2026-03-04 20:00:00
Laura_Felpin,1603,fr,mobile,2026-03-04 20:00:00
Laetitia_Casta,9969,fr,mobile,2026-03-04 20:00:00
La_Chronique_des_Bridgerton,553,fr,mobile,2026-03-04 20:00:00
Delphine_Wespiser,681,fr,mobile,2026-03-04 20:00:00
Dassault_Rafale,498,fr,mobile,2026-03-04 20:00:00
Conflit_américano-israélo-iranien_de_2026,1143,fr,mobile,2026-03-04 20:00:00
Chypre_(pays),596,fr,mobile,2026-03-04 20:00:00
Christy_Martin,537,fr,mobile,2026-03-04 20:00:00
Charles_de_Gaulle_(porte-avions),4722,fr,mobile,2026-03-04 20:00:00
Catherine_Millet,1004,fr,mobile,2026-03-04 20:00:00
Camille_Yembe,1356,fr,mobile,2026-03-04 20:00:00
Bernard_Rogel,686,fr,mobile,2026-03-04 20:00:00
Basile_Boli,466,fr,mobile,2026-03-04 20:00:00
Arthur_Jugnot,507,fr,mobile,2026-03-04 20:00:00
Anthony_Bourdain,951,fr,mobile,2026-03-04 20:00:00
Ali_Khamenei,2431,fr,mobile,2026-03-04 20:00:00
Arnaud_Tsamere,783,fr,mobile,2026-03-04 21:00:00
Arbre_de_Jessé,504,fr,mobile,2026-03-04 21:00:00
Antoine_Semenyo,586,fr,mobile,2026-03-04 21:00:00
Anthony_Bourdain,738,fr,mobile,2026-03-04 21:00:00
Ali_Khamenei,1462,fr,mobile,2026-03-04 21:00:00
Agnès_Sorel,464,fr,mobile,2026-03-04 21:00:00
Agnès_Desarthe,452,fr,mobile,2026-03-04 21:00:00
Affaire_Elisa_Pilarski,548,fr,mobile,2026-03-04 21:00:00
wiki.phtml,1336,fr,desktop,2026-03-04 21:00:00
Wajdi_Mouawad,593,fr,desktop,2026-03-04 21:00:00
Jusqu'à_la_garde,664,fr,desktop,2026-03-04 21:00:00
Cookie_(informatique),5437,fr,desktop,2026-03-04 21:00:00
Young_Sherlock,707,fr,mobile,2026-03-04 21:00:00
Yakovlev_Yak-130,876,fr,mobile,2026-03-04 21:00:00
XXX,674,fr,mobile,2026-03-04 21:00:00
Wajdi_Mouawad,7174,fr,mobile,2026-03-04 21:00:00
Valérie_Bègue,833,fr,mobile,2026-03-04 21:00:00
Torpille_Mark_48,499,fr,mobile,2026-03-04 21:00:00
Top_Chef,561,fr,mobile,2026-03-04 21:00:00
Thomas_Isle,616,fr,mobile,2026-03-04 21:00:00
Stéphanie_Le_Quellec,682,fr,mobile,2026-03-04 21:00:00
Stéphane_Sirkis,2159,fr,mobile,2026-03-04 21:00:00
Stéphane_Blancafort,620,fr,mobile,2026-03-04 21:00:00
Soprano_(rappeur),1309,fr,mobile,2026-03-04 21:00:00
Seven_(film),520,fr,mobile,2026-03-04 21:00:00
Seine,823,fr,mobile,2026-03-04 21:00:00
Sanna_sur_la_croix,1014,fr,mobile,2026-03-04 21:00:00
Sanna_Marin,1683,fr,mobile,2026-03-04 21:00:00
Saison_17_de_Top_Chef,968,fr,mobile,2026-03-04 21:00:00
Rouhollah_Khomeini,692,fr,mobile,2026-03-04 21:00:00
Roland_Lescure,495,fr,mobile,2026-03-04 21:00:00
Pornographie,647,fr,mobile,2026-03-04 21:00:00
Pedro_Sánchez,666,fr,mobile,2026-03-04 21:00:00
Pablo_Pauly,835,fr,mobile,2026-03-04 21:00:00
Olympe_de_Gouges,2562,fr,mobile,2026-03-04 21:00:00
Olivier_Gérard,966,fr,mobile,2026-03-04 21:00:00
Ocean's_Thirteen,1395,fr,mobile,2026-03-04 21:00:00
Nicola_Sirkis,5814,fr,mobile,2026-03-04 21:00:00
Mohammad_Reza_Pahlavi,540,fr,mobile,2026-03-04 21:00:00
Mina_Kavani,1479,fr,mobile,2026-03-04 21:00:00
Mathilde_Seigner,3978,fr,mobile,2026-03-04 21:00:00
Massacre_de_Sabra_et_Chatila,1125,fr,mobile,2026-03-04 21:00:00
Maryse_Burgot,4640,fr,mobile,2026-03-04 21:00:00
Marc_Éliard,693,fr,mobile,2026-03-04 21:00:00
Marianne_Faithfull,550,fr,mobile,2026-03-04 21:00:00
Mahmoud_Ahmadinejad,644,fr,mobile,2026-03-04 21:00:00
Maeva_Ghennam,571,fr,mobile,2026-03-04 21:00:00
Léa_Drucker,1350,fr,mobile,2026-03-04 21:00:00
Ludwig_Dahlberg,693,fr,mobile,2026-03-04 21:00:00
Louis_Garrel,480,fr,mobile,2026-03-04 21:00:00
Liste_des_porte-avions_et_porte-aéronefs,472,fr,mobile,2026-03-04 21:00:00
Liste_de_sondages_sur_l'élection_présidentielle_française_de_2027,532,fr,mobile,2026-03-04 21:00:00
Liban,485,fr,mobile,2026-03-04 21:00:00
Laura_Felpin,1444,fr,mobile,2026-03-04 21:00:00
Laetitia_Casta,1221,fr,mobile,2026-03-04 21:00:00
La_Prophétie_de_l'horloge,1285,fr,mobile,2026-03-04 21:00:00
La_Chronique_des_Bridgerton,773,fr,mobile,2026-03-04 21:00:00
Jérémy_Ferrari,1284,fr,mobile,2026-03-04 21:00:00
Jusqu'à_la_garde,5589,fr,mobile,2026-03-04 21:00:00
Julia_Faure_(actrice),828,fr,mobile,2026-03-04 21:00:00
Joann_Sfar,1850,fr,mobile,2026-03-04 21:00:00
Jim_Carrey,831,fr,mobile,2026-03-04 21:00:00
Jeffrey_Epstein,517,fr,mobile,2026-03-04 21:00:00
Jean-Claude_Dassier,1759,fr,mobile,2026-03-04 21:00:00
Isabelle_Carré,479,fr,mobile,2026-03-04 21:00:00
Iran,1635,fr,mobile,2026-03-04 21:00:00
Indochine_(groupe),4568,fr,mobile,2026-03-04 21:00:00
Hezbollah,732,fr,mobile,2026-03-04 21:00:00
Himad_Abdelli,897,fr,mobile,2026-03-04 21:00:00
Hero_Fiennes-Tiffin,453,fr,mobile,2026-03-04 21:00:00
Habib_Beye,751,fr,mobile,2026-03-04 21:00:00
Gilles_Lellouche,460,fr,mobile,2026-03-04 21:00:00
Forough_Farrokhzad,509,fr,mobile,2026-03-04 21:00:00
"Et_plus_si_affinités_(film,_2024)",1756,fr,mobile,2026-03-04 21:00:00
Emmanuelle_Seigner,491,fr,mobile,2026-03-04 21:00:00
Elsbeth,530,fr,mobile,2026-03-04 21:00:00
Détroit_d'Ormuz,700,fr,mobile,2026-03-04 21:00:00
Donald_Trump,767,fr,mobile,2026-03-04 21:00:00
Dominique_Nicolas,654,fr,mobile,2026-03-04 21:00:00
"Djibril_Sidibé_(football,_1992)",935,fr,mobile,2026-03-04 21:00:00
Denis_Ménochet,1759,fr,mobile,2026-03-04 21:00:00
Daniel_Bravo,609,fr,mobile,2026-03-04 21:00:00
Conflit_américano-israélo-iranien_de_2026,947,fr,mobile,2026-03-04 21:00:00
Charles_de_Gaulle_(porte-avions),1321,fr,mobile,2026-03-04 21:00:00
Charles_Aznavour,471,fr,mobile,2026-03-04 21:00:00
Carolyn_Bessette,527,fr,mobile,2026-03-04 21:00:00
Caroline_Proust,1117,fr,mobile,2026-03-04 21:00:00
Camille_Cerf_(Miss_France),622,fr,mobile,2026-03-04 21:00:00
Bruno_Retailleau,977,fr,mobile,2026-03-04 21:00:00
Boris_Jardel,700,fr,mobile,2026-03-04 21:00:00
Benjamin_Lavernhe,566,fr,mobile,2026-03-04 21:00:00
Au_cœur_de_nos_terres,2365,fr,mobile,2026-03-04 21:00:00
Armor_(film),1053,fr,mobile,2026-03-04 21:00:00
Arena_Tour,1067,fr,mobile,2026-03-04 21:00:00
Boris_Jardel,1112,fr,mobile,2026-03-04 22:00:00
Julien_Rambaldi,456,fr,mobile,2026-03-04 22:00:00
Isabelle_Carré,676,fr,mobile,2026-03-04 22:00:00
IRIS_Dena,475,fr,mobile,2026-03-04 22:00:00
Habib_Beye,1035,fr,mobile,2026-03-04 22:00:00
Elsbeth,580,fr,mobile,2026-03-04 22:00:00
Dominique_Nicolas,951,fr,mobile,2026-03-04 22:00:00
Didier_François,574,fr,mobile,2026-03-04 22:00:00
Denis_Ménochet,1707,fr,mobile,2026-03-04 22:00:00
Christophe_Sirchis,456,fr,mobile,2026-03-04 22:00:00
Carolyn_Bessette,554,fr,mobile,2026-03-04 22:00:00
Caroline_Proust,714,fr,mobile,2026-03-04 22:00:00
Arno_Klarsfeld,495,fr,mobile,2026-03-04 22:00:00
Armor_(film),574,fr,mobile,2026-03-04 22:00:00
Anne_Consigny,481,fr,mobile,2026-03-04 22:00:00
Affaire_Elisa_Pilarski,480,fr,mobile,2026-03-04 22:00:00
wiki.phtml,1561,fr,desktop,2026-03-04 22:00:00
Jusqu'à_la_garde,538,fr,desktop,2026-03-04 22:00:00
Laurent_Naouri,888,fr,mobile,2026-03-04 22:00:00
Léa_Drucker,1682,fr,mobile,2026-03-04 22:00:00
Maryse_Burgot,2996,fr,mobile,2026-03-04 22:00:00
Mohammad_Reza_Pahlavi,465,fr,mobile,2026-03-04 22:00:00
Nicola_Sirkis,7329,fr,mobile,2026-03-04 22:00:00
Pablo_Pauly,606,fr,mobile,2026-03-04 22:00:00
Pornographie,991,fr,mobile,2026-03-04 22:00:00
Rouhollah_Khomeini,604,fr,mobile,2026-03-04 22:00:00
Saison_17_de_Top_Chef,718,fr,mobile,2026-03-04 22:00:00
Soprano_(rappeur),1154,fr,mobile,2026-03-04 22:00:00
Stéphane_Sirkis,2733,fr,mobile,2026-03-04 22:00:00
Wajdi_Mouawad,1235,fr,mobile,2026-03-04 22:00:00
Yakovlev_Yak-130,817,fr,mobile,2026-03-04 22:00:00
Yves_Cochet,543,fr,mobile,2026-03-04 22:00:00
XXX,515,fr,desktop,2026-03-04 22:00:00
Kurdes,528,fr,mobile,2026-03-04 23:00:00
Mahmoud_Ahmadinejad,549,fr,mobile,2026-03-04 23:00:00
Agnès_Desarthe,494,fr,mobile,2026-03-04 23:00:00
Cookie_(informatique),6756,fr,desktop,2026-03-04 23:00:00
Olympique_de_Marseille,623,fr,mobile,2026-03-04 23:00:00
Rouhollah_Khomeini,596,fr,mobile,2026-03-04 23:00:00
Ali_Khamenei,1152,fr,mobile,2026-03-04 23:00:00
Solène_Chalvon-Fioriti,686,fr,mobile,2026-03-04 23:00:00
Toulouse_Football_Club,458,fr,mobile,2026-03-04 23:00:00
Boris_Jardel,847,fr,mobile,2026-03-04 23:00:00
Charles_de_Gaulle_(porte-avions),627,fr,mobile,2026-03-04 23:00:00
Conflit_américano-israélo-iranien_de_2026,815,fr,mobile,2026-03-04 23:00:00
Darius_Rochebin,800,fr,mobile,2026-03-04 23:00:00
Dominique_Nicolas,699,fr,mobile,2026-03-04 23:00:00
Lou_Sirkis,481,fr,mobile,2026-03-04 23:00:00
wiki.phtml,567,fr,mobile,2026-03-04 23:00:00
Iran,1272,fr,mobile,2026-03-04 23:00:00
"Хаменеи,_Али",981,ru,mobile,2026-03-04 01:00:00
Заглавная_страница,5853,ru,desktop,2026-03-04 01:00:00
"Джабраилов,_Умар_Алиевич",807,ru,mobile,2026-03-04 01:00:00
Заглавная_страница,1930,ru,mobile,2026-03-04 01:00:00
Иран,630,ru,mobile,2026-03-04 01:00:00
Моджтаба_Хаменеи,502,ru,mobile,2026-03-04 02:00:00
Заглавная_страница,1917,ru,mobile,2026-03-04 02:00:00
"Хаменеи,_Али",881,ru,mobile,2026-03-04 02:00:00
"Джабраилов,_Умар_Алиевич",844,ru,mobile,2026-03-04 02:00:00
Иран,581,ru,mobile,2026-03-04 02:00:00
Заглавная_страница,3929,ru,desktop,2026-03-04 02:00:00
Моджтаба_Хаменеи,598,ru,mobile,2026-03-04 03:00:00
"Эпштейн,_Джеффри",508,ru,mobile,2026-03-04 03:00:00
Заглавная_страница,3308,ru,desktop,2026-03-04 03:00:00
"Джабраилов,_Умар_Алиевич",1018,ru,mobile,2026-03-04 03:00:00
Заглавная_страница,1971,ru,mobile,2026-03-04 03:00:00
"Хаменеи,_Али",1064,ru,mobile,2026-03-04 03:00:00
Иран,652,ru,mobile,2026-03-04 03:00:00
"Арафи,_Алиреза",517,ru,mobile,2026-03-04 04:00:00
Заглавная_страница,4088,ru,desktop,2026-03-04 04:00:00
"Эпштейн,_Джеффри",681,ru,mobile,2026-03-04 04:00:00
"Хаменеи,_Али",1355,ru,mobile,2026-03-04 04:00:00
Моджтаба_Хаменеи,887,ru,mobile,2026-03-04 04:00:00
Иран,984,ru,mobile,2026-03-04 04:00:00
Заглавная_страница,2559,ru,mobile,2026-03-04 04:00:00
"Джабраилов,_Умар_Алиевич",1349,ru,mobile,2026-03-04 04:00:00
Американо-израильско-иранская_война_(2026),560,ru,mobile,2026-03-04 04:00:00
"Хаменеи,_Моджтаба",611,ru,mobile,2026-03-04 05:00:00
"Хаменеи,_Али",1914,ru,mobile,2026-03-04 05:00:00
"Эпштейн,_Джеффри",932,ru,mobile,2026-03-04 05:00:00
Ормузский_пролив,515,ru,mobile,2026-03-04 05:00:00
Моджтаба_Хаменеи,1158,ru,mobile,2026-03-04 05:00:00
Заглавная_страница,3695,ru,mobile,2026-03-04 06:00:00
"Кибовский,_Александр_Владимирович",643,ru,mobile,2026-03-04 06:00:00
"Джабраилов,_Умар_Алиевич",1988,ru,mobile,2026-03-04 06:00:00
"Губин,_Андрей_Викторович",769,ru,mobile,2026-03-04 06:00:00
Высший_руководитель_Ирана,615,ru,mobile,2026-03-04 06:00:00
"Арафи,_Алиреза",847,ru,mobile,2026-03-04 06:00:00
Американо-израильско-иранская_война_(2026),910,ru,mobile,2026-03-04 06:00:00
"Хаменеи,_Али",563,ru,desktop,2026-03-04 06:00:00
Иран,517,ru,desktop,2026-03-04 06:00:00
Заглавная_страница,7206,ru,desktop,2026-03-04 06:00:00
"Хаменеи,_Моджтаба",1067,ru,mobile,2026-03-04 06:00:00
"Эпштейн,_Джеффри",1151,ru,mobile,2026-03-04 06:00:00
"Хаменеи,_Али",2053,ru,mobile,2026-03-04 06:00:00
Ормузский_пролив,654,ru,mobile,2026-03-04 06:00:00
Моджтаба_Хаменеи,1182,ru,mobile,2026-03-04 06:00:00
Иран,1554,ru,mobile,2026-03-04 06:00:00
"Эпштейн,_Джеффри",1322,ru,mobile,2026-03-04 07:00:00
"Хаменеи,_Моджтаба",1254,ru,mobile,2026-03-04 07:00:00
"Хаменеи,_Али",2174,ru,mobile,2026-03-04 07:00:00
"Зацепин,_Александр_Сергеевич",504,ru,mobile,2026-03-04 07:00:00
Ормузский_пролив,830,ru,mobile,2026-03-04 07:00:00
Иран,1644,ru,mobile,2026-03-04 07:00:00
Моджтаба_Хаменеи,955,ru,mobile,2026-03-04 07:00:00
"Хаменеи,_Али",754,ru,desktop,2026-03-04 07:00:00
Моджтаба_Хаменеи,457,ru,desktop,2026-03-04 07:00:00
"Кибовский,_Александр_Владимирович",540,ru,mobile,2026-03-04 07:00:00
Иран,720,ru,desktop,2026-03-04 07:00:00
Заглавная_страница,6906,ru,desktop,2026-03-04 07:00:00
"Джабраилов,_Умар_Алиевич",460,ru,desktop,2026-03-04 07:00:00
Американо-израильско-иранская_война_(2026),929,ru,mobile,2026-03-04 07:00:00
"Арафи,_Алиреза",741,ru,mobile,2026-03-04 07:00:00
Высший_руководитель_Ирана,560,ru,mobile,2026-03-04 07:00:00
"Губин,_Андрей_Викторович",829,ru,mobile,2026-03-04 07:00:00
"Джабраилов,_Умар_Алиевич",1991,ru,mobile,2026-03-04 07:00:00
Заглавная_страница,4170,ru,mobile,2026-03-04 07:00:00
Эквадор,629,ru,mobile,2026-03-04 07:00:00
Ормузский_пролив,845,ru,mobile,2026-03-04 08:00:00
"Эпштейн,_Джеффри",1317,ru,mobile,2026-03-04 08:00:00
"Хаменеи,_Моджтаба",1117,ru,mobile,2026-03-04 08:00:00
"Хаменеи,_Али",2085,ru,mobile,2026-03-04 08:00:00
Файлы_Эпштейна,457,ru,mobile,2026-03-04 08:00:00
Список_умерших_в_2026_году,457,ru,mobile,2026-03-04 08:00:00
"Соболенко,_Арина_Сергеевна",462,ru,mobile,2026-03-04 08:00:00
"Нетаньяху,_Биньямин",458,ru,mobile,2026-03-04 08:00:00
Моджтаба_Хаменеи,737,ru,mobile,2026-03-04 08:00:00
Иран,1644,ru,mobile,2026-03-04 08:00:00
Заглавная_страница,4364,ru,mobile,2026-03-04 08:00:00
"Доронина,_Татьяна_Васильевна",758,ru,mobile,2026-03-04 08:00:00
"Джабраилов,_Умар_Алиевич",1976,ru,mobile,2026-03-04 08:00:00
"Губин,_Андрей_Викторович",829,ru,mobile,2026-03-04 08:00:00
Высший_руководитель_Ирана,533,ru,mobile,2026-03-04 08:00:00
"Арафи,_Алиреза",693,ru,mobile,2026-03-04 08:00:00
Американо-израильско-иранская_война_(2026),1040,ru,mobile,2026-03-04 08:00:00
"Хаменеи,_Али",782,ru,desktop,2026-03-04 08:00:00
Ормузский_пролив,517,ru,desktop,2026-03-04 08:00:00
Иран,785,ru,desktop,2026-03-04 08:00:00
Заглавная_страница,7519,ru,desktop,2026-03-04 08:00:00
"Джабраилов,_Умар_Алиевич",469,ru,desktop,2026-03-04 08:00:00
"Джабраилов,_Умар_Алиевич",1860,ru,mobile,2026-03-04 09:00:00
"Доронина,_Татьяна_Васильевна",1923,ru,mobile,2026-03-04 09:00:00
Заглавная_страница,4364,ru,mobile,2026-03-04 09:00:00
Иран,1619,ru,mobile,2026-03-04 09:00:00
Моджтаба_Хаменеи,600,ru,mobile,2026-03-04 09:00:00
YouTube,563,ru,desktop,2026-03-04 09:00:00
"Нетаньяху,_Биньямин",490,ru,mobile,2026-03-04 09:00:00
Ормузский_пролив,691,ru,mobile,2026-03-04 09:00:00
"Хаменеи,_Али",1986,ru,mobile,2026-03-04 09:00:00
"Хаменеи,_Моджтаба",1099,ru,mobile,2026-03-04 09:00:00
"Эпштейн,_Джеффри",1270,ru,mobile,2026-03-04 09:00:00
Як-130,3873,ru,mobile,2026-03-04 09:00:00
Американо-израильско-иранская_война_(2026),461,ru,desktop,2026-03-04 09:00:00
"Джабраилов,_Умар_Алиевич",475,ru,desktop,2026-03-04 09:00:00
Заглавная_страница,8037,ru,desktop,2026-03-04 09:00:00
Иран,836,ru,desktop,2026-03-04 09:00:00
"Хаменеи,_Али",742,ru,desktop,2026-03-04 09:00:00
